{"2": 50.199950218200684, "3": 48.81051516532898, "4": 50.614277839660645, "8": 49.69033861160278, "16": 50.10162353515625, "32": 48.793790102005005}